"","launched_at","total_pledged","cumsum"
"1",2019-11-17,1872,1872
"2",2019-11-18,402481.71,404353.71
"3",2019-11-19,502011.57,906365.28
"4",2019-11-20,141507.05,1047872.33
"5",2019-11-21,54295.89,1102168.22
"6",2019-11-22,24651.29,1126819.51
"7",2019-11-23,21108.32,1147927.83
"8",2019-11-24,10570.29,1158498.12
"9",2019-11-25,19085.92,1177584.04
"10",2019-11-26,434750.38,1612334.42
"11",2019-11-27,3329307.31,4941641.73
"12",2019-11-28,14663.18,4956304.91
"13",2019-11-29,3430051.72,8386356.63
"14",2019-11-30,50155,8436511.63
"15",2019-12-01,32319.12,8468830.75
"16",2019-12-02,977497.2,9446327.95
"17",2019-12-03,751756.12,10198084.07
"18",2019-12-04,241911.47,10439995.54
"19",2019-12-05,1563825.66,12003821.2
"20",2019-12-06,72136.89,12075958.09
"21",2019-12-07,112874.71,12188832.8
"22",2019-12-08,101777.61,12290610.41
"23",2019-12-09,1475934.96,13766545.37
"24",2019-12-10,2106400.41,15872945.78
"25",2019-12-11,1523948.43,17396894.21
"26",2019-12-12,2310689.5,19707583.71
"27",2019-12-13,1132046.98,20839630.69
"28",2019-12-14,24974.8,20864605.49
"29",2019-12-15,1558601.75,22423207.24
"30",2019-12-16,646051.28,23069258.52
"31",2019-12-17,2260770.99,25330029.51
"32",2019-12-18,566474.38,25896503.89
"33",2019-12-19,1307311.79,27203815.68
"34",2019-12-20,1849090.26,29052905.94
"35",2019-12-21,600423.24,29653329.18
"36",2019-12-22,553760.44,30207089.62
"37",2019-12-23,172786.82,30379876.44
"38",2019-12-24,11535.3,30391411.74
"39",2019-12-25,160782.9,30552194.64
"40",2019-12-26,452582.9,31004777.54
"41",2019-12-27,145742,31150519.54
"42",2019-12-28,1063724.74,32214244.28
"43",2019-12-29,13865.8,32228110.08
"44",2019-12-30,3794794.35,36022904.43
"45",2019-12-31,1413358.64,37436263.07
"46",2020-01-01,881066.88,38317329.95
"47",2020-01-02,281034.46,38598364.41
"48",2020-01-03,261806.32,38860170.73
"49",2020-01-04,109362.48,38969533.21
"50",2020-01-05,295327.04,39264860.25
"51",2020-01-06,1599636.37,40864496.62
"52",2020-01-07,4987989.94,45852486.56
"53",2020-01-08,875186.5,46727673.06
"54",2020-01-09,550067.17,47277740.23
"55",2020-01-10,3193096.05,50470836.28
"56",2020-01-11,19525497.11,69996333.39
"57",2020-01-12,174464.16,70170797.55
"58",2020-01-13,240333.89,70411131.44
"59",2020-01-14,11147489.26,81558620.7
"60",2020-01-15,7646804.87,89205425.57
"61",2020-01-16,956307.35,90161732.92
"62",2020-01-17,508349.27,90670082.19
"63",2020-01-18,249140.33,90919222.52
"64",2020-01-19,70850.67,90990073.19
"65",2020-01-20,563663.54,91553736.73
"66",2020-01-21,16470541.45,108024278.18
"67",2020-01-22,830189.95,108854468.13
"68",2020-01-23,6631598.98,115486067.11
"69",2020-01-24,5149050.02,120635117.13
"70",2020-01-25,681942.77,121317059.9
"71",2020-01-26,185257.25,121502317.15
"72",2020-01-27,3618604.28,125120921.43
"73",2020-01-28,7310714.92,132431636.35
"74",2020-01-29,720075.9,133151712.25
"75",2020-01-30,629176.88,133780889.13
"76",2020-01-31,1354140.26,135135029.39
"77",2020-02-01,762187.98,135897217.37
"78",2020-02-02,581864.26,136479081.63
"79",2020-02-03,177545527.5,314024609.13
"80",2020-02-04,21126591.23,335151200.36
"81",2020-02-05,1321179.1,336472379.46
"82",2020-02-06,1605662.43,338078041.89
"83",2020-02-07,855722.88,338933764.77
"84",2020-02-08,177883.54,339111648.31
"85",2020-02-09,175239.5,339286887.81
"86",2020-02-10,16654183.98,355941071.79
"87",2020-02-11,4304678.67,360245750.46
"88",2020-02-12,1629053.4,361874803.86
"89",2020-02-13,457606.4,362332410.26
"90",2020-02-14,1014925.44,363347335.7
"91",2020-02-15,3792116,367139451.7
"92",2020-02-16,1533462.01,368672913.71
"93",2020-02-17,5701122.02,374374035.73
"94",2020-02-18,10382038.95,384756074.68
"95",2020-02-19,6514956.45,391271031.13
"96",2020-02-20,4239380.06,395510411.19
"97",2020-02-21,1326904.49,396837315.68
"98",2020-02-22,173786.25,397011101.93
"99",2020-02-23,494465.54,397505567.47
"100",2020-02-24,1808269.62,399313837.09
"101",2020-02-25,3442105.77,402755942.86
"102",2020-02-26,1421805.26,404177748.12
"103",2020-02-27,1042065.68,405219813.8
"104",2020-02-28,736208.1,405956021.9
"105",2020-02-29,298073,406254094.9
"106",2020-03-01,2162193.93,408416288.83
"107",2020-03-02,1524196.62,409940485.45
"108",2020-03-03,7176498.29,417116983.74
"109",2020-03-04,3286764.38,420403748.12
"110",2020-03-05,1231405.09,421635153.21
"111",2020-03-06,512297.19,422147450.4
"112",2020-03-07,187933.83,422335384.23
"113",2020-03-08,141451.98,422476836.21
"114",2020-03-09,585137.98,423061974.19
"115",2020-03-10,3573346.12,426635320.31
"116",2020-03-11,556452.94,427191773.25
"117",2020-03-12,129739.72,427321512.97
"118",2020-03-13,23536.65,427345049.62
"119",2020-03-14,39312.08,427384361.7
"120",2020-03-15,49429,427433790.7
"121",2020-03-16,432179.51,427865970.21
"122",2020-03-17,4294953.08,432160923.29
"123",2020-03-18,1772187.11,433933110.4
"124",2020-03-19,1692212.65,435625323.05
"125",2020-03-20,782981.32,436408304.37
"126",2020-03-21,158905.36,436567209.73
"127",2020-03-22,211073.15,436778282.88
"128",2020-03-23,3906198.92,440684481.8
"129",2020-03-24,4091143.08,444775624.88
"130",2020-03-25,1469314.61,446244939.49
"131",2020-03-26,2015228.28,448260167.77
"132",2020-03-27,509963.73,448770131.5
"133",2020-03-28,637674.87,449407806.37
"134",2020-03-29,91002.36,449498808.73
"135",2020-03-30,451395.74,449950204.47
"136",2020-03-31,9793581.93,459743786.4
"137",2020-04-01,694373.03,460438159.43
"138",2020-04-02,23157014.77,483595174.2
"139",2020-04-03,358993.81,483954168.01
"140",2020-04-04,267348.11,484221516.12
"141",2020-04-05,28653.68,484250169.8
"142",2020-04-06,418842.49,484669012.29
"143",2020-04-07,7412223.55,492081235.84
"144",2020-04-08,5367815.17,497449051.01
"145",2020-04-09,580655.16,498029706.17
"146",2020-04-10,292254.28,498321960.45
"147",2020-04-11,709546.43,499031506.88
"148",2020-04-12,459889.27,499491396.15
"149",2020-04-13,507518.05,499998914.2
"150",2020-04-14,9215438.41,509214352.61
"151",2020-04-15,12462158.57,521676511.18
"152",2020-04-16,601263.75,522277774.93
"153",2020-04-17,1493218.34,523770993.27
"154",2020-04-18,188763.36,523959756.63
"155",2020-04-19,446217.92,524405974.55
"156",2020-04-20,1474046.03,525880020.58
"157",2020-04-21,5824806.23,531704826.81
"158",2020-04-22,2249934.25,533954761.06
"159",2020-04-23,633410.14,534588171.2
"160",2020-04-24,1051471.16,535639642.36
"161",2020-04-25,419530.07,536059172.43
"162",2020-04-26,146640.13,536205812.56
"163",2020-04-27,776256.59,536982069.15
"164",2020-04-28,15904661.66,552886730.81
"165",2020-04-29,1157794.05,554044524.86
"166",2020-04-30,1534191.31,555578716.17
"167",2020-05-01,2058322.34,557637038.51
"168",2020-05-02,116009.08,557753047.59
"169",2020-05-03,227850.13,557980897.72
"170",2020-05-04,2245674.93,560226572.65
"171",2020-05-05,11563380.51,571789953.16
"172",2020-05-06,16571492.83,588361445.99
"173",2020-05-07,2538530.81,590899976.8
"174",2020-05-08,808290.42,591708267.22
"175",2020-05-09,181526.01,591889793.23
"176",2020-05-10,246538.03,592136331.26
"177",2020-05-11,1389847.19,593526178.45
"178",2020-05-12,5577779.45,599103957.9
"179",2020-05-13,729705.66,599833663.56
"180",2020-05-14,273812.33,600107475.89
"181",2020-05-15,60459.9,600167935.79
"182",2020-05-16,255336.47,600423272.26
"183",2020-05-17,90730.84,600514003.1
"184",2020-05-18,676001.07,601190004.17
"185",2020-05-19,3046629.12,604236633.29
"186",2020-05-20,1662915.97,605899549.26
"187",2020-05-21,1206561.2,607106110.46
"188",2020-05-22,236935.92,607343046.38
"189",2020-05-23,876506.55,608219552.93
"190",2020-05-24,75171.55,608294724.48
"191",2020-05-25,4561079.21,612855803.69
"192",2020-05-26,2279564.52,615135368.21
"193",2020-05-27,2874117.56,618009485.77
"194",2020-05-28,7218183.51,625227669.28
"195",2020-05-29,7703027.32,632930696.6
"196",2020-05-30,137634.98,633068331.58
"197",2020-05-31,376198.86,633444530.44
"198",2020-06-01,1753923.3,635198453.74
"199",2020-06-02,8903926.49,644102380.23
"200",2020-06-03,2254978.1,646357358.33
"201",2020-06-04,468972.11,646826330.44
"202",2020-06-05,864307.07,647690637.51
"203",2020-06-06,379294.96,648069932.47
"204",2020-06-07,641305.95,648711238.42
"205",2020-06-08,4390989.25,653102227.67
"206",2020-06-09,5452670.9,658554898.57
"207",2020-06-10,3845583.63,662400482.2
"208",2020-06-11,1528265.98,663928748.18
"209",2020-06-12,939040.57,664867788.75
"210",2020-06-13,526322.81,665394111.56
"211",2020-06-14,235615.26,665629726.82
"212",2020-06-15,5428811.5,671058538.32
"213",2020-06-16,20262319.85,691320858.17
"214",2020-06-17,1041863.54,692362721.71
"215",2020-06-18,4591438.15,696954159.86
"216",2020-06-19,2490797.01,699444956.87
"217",2020-06-20,1006101.76,700451058.63
"218",2020-06-21,1794814.03,702245872.66
"219",2020-06-22,2587372.01,704833244.67
"220",2020-06-23,8703560.68,713536805.35
"221",2020-06-24,1805607.04,715342412.39
"222",2020-06-25,9092818.05,724435230.44
"223",2020-06-26,340529.23,724775759.67
"224",2020-06-27,489913.99,725265673.66
"225",2020-06-28,108042.45,725373716.11
"226",2020-06-29,6208967.67,731582683.78
"227",2020-06-30,44732487.48,776315171.26
"228",2020-07-01,1936069.05,778251240.31
"229",2020-07-02,1695704.01,779946944.32
"230",2020-07-03,905445.62,780852389.94
"231",2020-07-04,209434.19,781061824.13
"232",2020-07-05,682378.21,781744202.34
"233",2020-07-06,2027821.76,783772024.1
"234",2020-07-07,9618607.15,793390631.25
"235",2020-07-08,4369350.44,797759981.69
"236",2020-07-09,6299723.43,804059705.12
"237",2020-07-10,2568528.6,806628233.72
"238",2020-07-11,211282.81,806839516.53
"239",2020-07-12,1182074.95,808021591.48
"240",2020-07-13,669660.91,808691252.39
"241",2020-07-14,5919033.95,814610286.34
"242",2020-07-15,5733363.91,820343650.25
"243",2020-07-16,488095.22,820831745.47
"244",2020-07-17,2199062.43,823030807.9
"245",2020-07-18,117092.9,823147900.8
"246",2020-07-19,98042.74,823245943.54
"247",2020-07-20,3177516.45,826423459.99
"248",2020-07-21,5308312.59,831731772.58
"249",2020-07-22,1094193.81,832825966.39
"250",2020-07-23,1892762.71,834718729.1
"251",2020-07-24,853120.15,835571849.25
"252",2020-07-25,884591.92,836456441.17
"253",2020-07-26,604815.33,837061256.5
"254",2020-07-27,310754682.32,1147815938.82
"255",2020-07-28,3493061.1,1151308999.92
"256",2020-07-29,4607496.05,1155916495.97
"257",2020-07-30,5077796.22,1160994292.19
"258",2020-07-31,5089903.81,1166084196
"259",2020-08-01,7451606.71,1173535802.71
"260",2020-08-02,102138.49,1173637941.2
"261",2020-08-03,3084906.15,1176722847.35
"262",2020-08-04,4554299.41,1181277146.76
"263",2020-08-05,66557444.29,1247834591.05
"264",2020-08-06,741841.7,1248576432.75
"265",2020-08-07,912981.79,1249489414.54
"266",2020-08-08,352521.56,1249841936.1
"267",2020-08-09,2271790.31,1252113726.41
"268",2020-08-10,1620687.32,1253734413.73
"269",2020-08-11,21520059.98,1275254473.71
"270",2020-08-12,3642067.69,1278896541.4
"271",2020-08-13,792291.72,1279688833.12
"272",2020-08-14,62469.09,1279751302.21
"273",2020-08-15,54658.49,1279805960.7
"274",2020-08-16,304855.22,1280110815.92
"275",2020-08-17,628307.36,1280739123.28
"276",2020-08-18,7057455.9,1287796579.18
"277",2020-08-19,2305534.84,1290102114.02
"278",2020-08-20,1700010.22,1291802124.24
"279",2020-08-21,316687.36,1292118811.6
"280",2020-08-22,322923.8,1292441735.4
"281",2020-08-23,413614,1292855349.4
"282",2020-08-24,2829336.06,1295684685.46
"283",2020-08-25,4234765.92,1299919451.38
"284",2020-08-26,5190038.28,1305109489.66
"285",2020-08-27,1414114.98,1306523604.64
"286",2020-08-28,741990.61,1307265595.25
"287",2020-08-29,691157.01,1307956752.26
"288",2020-08-30,5984559.22,1313941311.48
"289",2020-08-31,2199142.51,1316140453.99
"290",2020-09-01,8215540.52,1324355994.51
"291",2020-09-02,1528116.59,1325884111.1
"292",2020-09-03,4419266.83,1330303377.93
"293",2020-09-04,996479.08,1331299857.01
"294",2020-09-05,529320.63,1331829177.64
"295",2020-09-06,257379.37,1332086557.01
"296",2020-09-07,596304.61,1332682861.62
"297",2020-09-08,24070560.87,1356753422.49
"298",2020-09-09,3080687.66,1359834110.15
"299",2020-09-10,1643445.45,1361477555.6
"300",2020-09-11,274277.04,1361751832.64
"301",2020-09-12,2982974.56,1364734807.2
"302",2020-09-13,169563.51,1364904370.71
"303",2020-09-14,1642253.92,1366546624.63
"304",2020-09-15,7244919.49,1373791544.12
"305",2020-09-16,7928060.5,1381719604.62
"306",2020-09-17,3324913.61,1385044518.23
"307",2020-09-18,1139106.8,1386183625.03
"308",2020-09-19,229514.31,1386413139.34
"309",2020-09-20,143894.85,1386557034.19
"310",2020-09-21,1965901.02,1388522935.21
"311",2020-09-22,18413992.65,1406936927.86
"312",2020-09-23,8822176.86,1415759104.72
"313",2020-09-24,2426158.99,1418185263.71
"314",2020-09-25,472042.79,1418657306.5
"315",2020-09-26,129711.58,1418787018.08
"316",2020-09-27,746410.64,1419533428.72
"317",2020-09-28,2127627.73,1421661056.45
"318",2020-09-29,9973480.85,1431634537.3
"319",2020-09-30,4944216.96,1436578754.26
"320",2020-10-01,3542208.25,1440120962.51
"321",2020-10-02,399996.7,1440520959.21
"322",2020-10-03,329959.41,1440850918.62
"323",2020-10-04,265597.28,1441116515.9
"324",2020-10-05,27841546.52,1468958062.42
"325",2020-10-06,12265463.55,1481223525.97
"326",2020-10-07,2988335.83,1484211861.8
"327",2020-10-08,3406089.93,1487617951.73
"328",2020-10-09,554177.39,1488172129.12
"329",2020-10-10,329315.16,1488501444.28
"330",2020-10-11,316589.37,1488818033.65
"331",2020-10-12,1080004.63,1489898038.28
"332",2020-10-13,11023017.21,1500921055.49
"333",2020-10-14,2780825.9,1503701881.39
"334",2020-10-15,3009085.51,1506710966.9
"335",2020-10-16,1852724.69,1508563691.59
"336",2020-10-17,5528021.22,1514091712.81
"337",2020-10-18,293942.9,1514385655.71
"338",2020-10-19,5405525.81,1519791181.52
"339",2020-10-20,10221789.52,1530012971.04
"340",2020-10-21,1014973.34,1531027944.38
"341",2020-10-22,1304814.5,1532332758.88
"342",2020-10-23,1726521.37,1534059280.25
"343",2020-10-24,1846596.16,1535905876.41
"344",2020-10-25,1179279.69,1537085156.1
"345",2020-10-26,1246230.79,1538331386.89
"346",2020-10-27,3962318.39,1542293705.28
"347",2020-10-28,4133088.18,1546426793.46
"348",2020-10-29,3067947.33,1549494740.79
"349",2020-10-30,1845658.56,1551340399.35
"350",2020-10-31,599678.8,1551940078.15
"351",2020-11-01,634804.4,1552574882.55
"352",2020-11-02,4087485.76,1556662368.31
"353",2020-11-03,1561486.75,1558223855.06
"354",2020-11-04,2500603.52,1560724458.58
"355",2020-11-05,3411960.27,1564136418.85
"356",2020-11-06,247389.03,1564383807.88
"357",2020-11-07,252098.29,1564635906.17
"358",2020-11-08,354972.93,1564990879.1
"359",2020-11-09,623719.37,1565614598.47
"360",2020-11-10,3634983.41,1569249581.88
"361",2020-11-11,2035490.88,1571285072.76
"362",2020-11-12,55256061.45,1626541134.21
"363",2020-11-13,443099.78,1626984233.99
"364",2020-11-14,201216.68,1627185450.67
"365",2020-11-15,242996,1627428446.67
"366",2020-11-16,528650.73,1627957097.4
"367",2020-11-17,7035018.24,1634992115.64
"368",2020-11-18,18893759.57,1653885875.21
"369",2020-11-19,8314230.02,1662200105.23
"370",2020-11-20,623597.04,1662823702.27
"371",2020-11-21,730371.04,1663554073.31
"372",2020-11-22,178732.17,1663732805.48
"373",2020-11-23,770317.85,1664503123.33
"374",2020-11-24,2604535.85,1667107659.18
"375",2020-11-25,1128240.02,1668235899.2
"376",2020-11-26,581248.76,1668817147.96
"377",2020-11-27,1823007.15,1670640155.11
"378",2020-11-28,164160.18,1670804315.29
"379",2020-11-29,161185.72,1670965501.01
"380",2020-11-30,1414763.81,1672380264.82
"381",2020-12-01,3736694.02,1676116958.84
"382",2020-12-02,9610319.81,1685727278.65
"383",2020-12-03,721585.44,1686448864.09
"384",2020-12-04,3481508.96,1689930373.05
"385",2020-12-05,268520.38,1690198893.43
"386",2020-12-06,273196.58,1690472090.01
"387",2020-12-07,731387.65,1691203477.66
"388",2020-12-08,6140517.08,1697343994.74
"389",2020-12-09,4143166.04,1701487160.78
"390",2020-12-10,739513.9,1702226674.68
"391",2020-12-11,540963.08,1702767637.76
"392",2020-12-12,355955.47,1703123593.23
"393",2020-12-13,144840.65,1703268433.88
"394",2020-12-14,10528295.34,1713796729.22
"395",2020-12-15,47366808.58,1761163537.8
"396",2020-12-16,5091633.08,1766255170.88
"397",2020-12-17,1546431.17,1767801602.05
"398",2020-12-18,3637749,1771439351.05
"399",2020-12-19,1645290.62,1773084641.67
"400",2020-12-20,826013.9,1773910655.57
"401",2020-12-21,664057.54,1774574713.11
"402",2020-12-22,1685523.55,1776260236.66
"403",2020-12-23,13537096.13,1789797332.79
"404",2020-12-24,1128314.2,1790925646.99
"405",2020-12-25,553982.47,1791479629.46
"406",2020-12-26,115524.92,1791595154.38
"407",2020-12-27,54423.18,1791649577.56
"408",2020-12-28,766616.42,1792416193.98
"409",2020-12-29,215259.94,1792631453.92
"410",2020-12-30,734776.38,1793366230.3
"411",2020-12-31,187096.74,1793553327.04
"412",2021-01-01,424084.97,1793977412.01
"413",2021-01-02,649176.13,1794626588.14
"414",2021-01-03,137888.69,1794764476.83
"415",2021-01-04,1813803.37,1796578280.2
"416",2021-01-05,5392546.74,1801970826.94
"417",2021-01-06,10781490.58,1812752317.52
"418",2021-01-07,519112.53,1813271430.05
"419",2021-01-08,634503.76,1813905933.81
"420",2021-01-09,251264.28,1814157198.09
"421",2021-01-10,81188.48,1814238386.57
"422",2021-01-11,946994.56,1815185381.13
"423",2021-01-12,6862407.85,1822047788.98
"424",2021-01-13,4846730.43,1826894519.41
"425",2021-01-14,757582.82,1827652102.23
"426",2021-01-15,841998.96,1828494101.19
"427",2021-01-16,109771.11,1828603872.3
"428",2021-01-17,223313.78,1828827186.08
"429",2021-01-18,816861.45,1829644047.53
"430",2021-01-19,5054951.73,1834698999.26
"431",2021-01-20,4019927.46,1838718926.72
"432",2021-01-21,1127651.59,1839846578.31
"433",2021-01-22,394199.25,1840240777.56
"434",2021-01-23,131138.31,1840371915.87
"435",2021-01-24,278634.93,1840650550.8
"436",2021-01-25,2251254.07,1842901804.87
"437",2021-01-26,11350510.32,1854252315.19
"438",2021-01-27,1592563.35,1855844878.54
"439",2021-01-28,1534655.3,1857379533.84
"440",2021-01-29,2523848.79,1859903382.63
"441",2021-01-30,620364.94,1860523747.57
"442",2021-01-31,253764.91,1860777512.48
"443",2021-02-01,6487565.39,1867265077.87
"444",2021-02-02,17080091.37,1884345169.24
"445",2021-02-03,11558372.74,1895903541.98
"446",2021-02-04,1159464.06,1897063006.04
"447",2021-02-05,743937.24,1897806943.28
"448",2021-02-06,287129.69,1898094072.97
"449",2021-02-07,172946.62,1898267019.59
"450",2021-02-08,694511.04,1898961530.63
"451",2021-02-09,3688180.58,1902649711.21
"452",2021-02-10,957411.73,1903607122.94
"453",2021-02-11,551155.88,1904158278.82
"454",2021-02-12,146508.02,1904304786.84
"455",2021-02-13,17829.97,1904322616.81
"456",2021-02-14,132800.36,1904455417.17
"457",2021-02-15,870114.86,1905325532.03
"458",2021-02-16,3836692.9,1909162224.93
"459",2021-02-17,3700530.76,1912862755.69
"460",2021-02-18,1485464.52,1914348220.21
"461",2021-02-19,991054.82,1915339275.03
"462",2021-02-20,688080.2,1916027355.23
"463",2021-02-21,84747.98,1916112103.21
"464",2021-02-22,633981.46,1916746084.67
"465",2021-02-23,9467797.01,1926213881.68
"466",2021-02-24,1927900.74,1928141782.42
"467",2021-02-25,450060.2,1928591842.62
"468",2021-02-26,736978.53,1929328821.15
"469",2021-02-27,293911.82,1929622732.97
"470",2021-02-28,2521014.55,1932143747.52
"471",2021-03-01,2803643.34,1934947390.86
"472",2021-03-02,5765615.75,1940713006.61
"473",2021-03-03,1095074.83,1941808081.44
"474",2021-03-04,314385.45,1942122466.89
"475",2021-03-05,2253680.25,1944376147.14
"476",2021-03-06,233036.89,1944609184.03
"477",2021-03-07,178814.35,1944787998.38
"478",2021-03-08,1487889.79,1946275888.17
"479",2021-03-09,12458026.82,1958733914.99
"480",2021-03-10,25552469.86,1984286384.85
"481",2021-03-11,3274379.36,1987560764.21
"482",2021-03-12,635737.72,1988196501.93
"483",2021-03-13,1050685.69,1989247187.62
"484",2021-03-14,502297.45,1989749485.07
"485",2021-03-15,10573898.35,2000323383.42
"486",2021-03-16,10959894.03,2011283277.45
"487",2021-03-17,2722113.61,2014005391.06
"488",2021-03-18,849937.37,2014855328.43
"489",2021-03-19,4242934.76,2019098263.19
"490",2021-03-20,244000.49,2019342263.68
"491",2021-03-21,2764509.08,2022106772.76
"492",2021-03-22,23773353.18,2045880125.94
"493",2021-03-23,14929137.97,2060809263.91
"494",2021-03-24,1775616.58,2062584880.49
"495",2021-03-25,2724219.72,2065309100.21
"496",2021-03-26,718649.28,2066027749.49
"497",2021-03-27,208628.07,2066236377.56
"498",2021-03-28,284779.82,2066521157.38
"499",2021-03-29,5108655.16,2071629812.54
"500",2021-03-30,38963638.12,2110593450.66
"501",2021-03-31,1645945.99,2112239396.65
"502",2021-04-01,1391308.7,2113630705.35
"503",2021-04-02,1581162.85,2115211868.2
"504",2021-04-03,490095.61,2115701963.81
"505",2021-04-04,80428.8,2115782392.61
"506",2021-04-05,2723091.66,2118505484.27
"507",2021-04-06,5100577.53,2123606061.8
"508",2021-04-07,17683826.3,2141289888.1
"509",2021-04-08,1337219.58,2142627107.68
"510",2021-04-09,397887.64,2143024995.32
"511",2021-04-10,345755.87,2143370751.19
"512",2021-04-11,136398.48,2143507149.67
"513",2021-04-12,3035259.17,2146542408.84
"514",2021-04-13,19981135.76,2166523544.6
"515",2021-04-14,5114080.18,2171637624.78
"516",2021-04-15,1258113.06,2172895737.84
"517",2021-04-16,427926.9,2173323664.74
"518",2021-04-17,99129.64,2173422794.38
"519",2021-04-18,2883899.94,2176306694.32
"520",2021-04-19,1957434.39,2178264128.71
"521",2021-04-20,5427549.66,2183691678.37
"522",2021-04-21,1866716.65,2185558395.02
"523",2021-04-22,1179598.5,2186737993.52
"524",2021-04-23,2150291.76,2188888285.28
"525",2021-04-24,591962.71,2189480247.99
"526",2021-04-25,2455731.69,2191935979.68
"527",2021-04-26,3448165.35,2195384145.03
"528",2021-04-27,15097892.23,2210482037.26
"529",2021-04-28,3997260.56,2214479297.82
"530",2021-04-29,991776.04,2215471073.86
"531",2021-04-30,833411.62,2216304485.48
"532",2021-05-01,7357351.19,2223661836.67
"533",2021-05-02,114294.61,2223776131.28
"534",2021-05-03,4946113.83,2228722245.11
"535",2021-05-04,2750122.13,2231472367.24
"536",2021-05-05,1005870.46,2232478237.7
"537",2021-05-06,1822470.8,2234300708.5
"538",2021-05-07,1394975.65,2235695684.15
"539",2021-05-08,307020.32,2236002704.47
"540",2021-05-09,173296.89,2236176001.36
"541",2021-05-10,586965.09,2236762966.45
"542",2021-05-11,7410518.8,2244173485.25
"543",2021-05-12,1771546.62,2245945031.87
"544",2021-05-13,412731.74,2246357763.61
"545",2021-05-14,33143,2246390906.61
"546",2021-05-15,2522668,2248913574.61
"547",2021-05-16,8970,2248922544.61
"548",2021-05-17,588488.29,2249511032.9
"549",2021-05-18,1372575.84,2250883608.74
"550",2021-05-19,516157.53,2251399766.27
"551",2021-05-20,1440877.85,2252840644.12
"552",2021-05-21,167784.49,2253008428.61
"553",2021-05-22,94457.66,2253102886.27
"554",2021-05-23,45133.32,2253148019.59
"555",2021-05-24,203060.44,2253351080.03
"556",2021-05-25,2125888.7,2255476968.73
"557",2021-05-26,245001.45,2255721970.18
"558",2021-05-27,1232596.91,2256954567.09
"559",2021-05-28,1969373.92,2258923941.01
"560",2021-05-29,6177302,2265101243.01
"561",2021-05-30,46341,2265147584.01
"562",2021-05-31,1646813.07,2266794397.08
"563",2021-06-01,8636910.78,2275431307.86
"564",2021-06-02,988939.68,2276420247.54
"565",2021-06-03,200018.58,2276620266.12
"566",2021-06-04,93488.87,2276713754.99
"567",2021-06-05,219547.16,2276933302.15
"568",2021-06-06,141569.29,2277074871.44
"569",2021-06-07,2020935.2,2279095806.64
"570",2021-06-08,864720.32,2279960526.96
"571",2021-06-09,945846.76,2280906373.72
"572",2021-06-10,722526.34,2281628900.06
"573",2021-06-11,100429.44,2281729329.5
"574",2021-06-12,93588,2281822917.5
"575",2021-06-13,73747.48,2281896664.98
"576",2021-06-14,166035.66,2282062700.64
"577",2021-06-15,4189683.39,2286252384.03
"578",2021-06-16,1982305.35,2288234689.38
"579",2021-06-17,3635.64,2288238325.02
"580",2021-06-18,6043.58,2288244368.6
"581",2021-06-19,37812,2288282180.6
"582",2021-06-20,4170,2288286350.6
"583",2021-06-22,54817,2288341167.6
"584",2021-06-23,11156,2288352323.6
"585",2021-06-24,98392,2288450715.6
"586",2021-06-25,16.42,2288450732.02
"587",2021-06-26,2962.32,2288453694.34
"588",2021-06-27,1920,2288455614.34
"589",2021-06-28,182064.82,2288637679.16
"590",2021-06-29,1684584,2290322263.16
"591",2021-06-30,133873.62,2290456136.78
"592",2021-07-01,1137533.63,2291593670.41
"593",2021-07-02,25328.8,2291618999.21
"594",2021-07-03,8233,2291627232.21
"595",2021-07-04,1437,2291628669.21
"596",2021-07-05,21817,2291650486.21
"597",2021-07-06,365395.29,2292015881.5
"598",2021-07-07,115057,2292130938.5
"599",2021-07-08,233806.32,2292364744.82
"600",2021-07-09,16883,2292381627.82
"601",2021-07-10,86969.58,2292468597.4
"602",2021-07-11,77,2292468674.4
"603",2021-07-12,365659,2292834333.4
"604",2021-07-13,3233669.28,2296068002.68
"605",2021-07-14,655834.22,2296723836.9
"606",2021-07-15,22562370.4,2319286207.3
"607",2021-07-16,254973.81,2319541181.11
"608",2021-07-17,682051.17,2320223232.28
"609",2021-07-18,19546.29,2320242778.57
"610",2021-07-19,1408774.48,2321651553.05
"611",2021-07-20,619310.03,2322270863.08
"612",2021-07-21,8155086.54,2330425949.62
"613",2021-07-22,544334.35,2330970283.97
"614",2021-07-23,14244,2330984527.97
"615",2021-07-24,66557.1,2331051085.07
"616",2021-07-25,26974,2331078059.07
"617",2021-07-26,3637976.91,2334716035.98
"618",2021-07-27,2741964.55,2337458000.53
"619",2021-07-28,8317899.59,2345775900.12
"620",2021-07-29,3448376.32,2349224276.44
"621",2021-07-30,71536.57,2349295813.01
"622",2021-07-31,367012.1,2349662825.11
"623",2021-08-01,305043.82,2349967868.93
"624",2021-08-02,675827.01,2350643695.94
"625",2021-08-03,8931145.07,2359574841.01
"626",2021-08-04,2073889.58,2361648730.59
"627",2021-08-05,4492698.72,2366141429.31
"628",2021-08-06,3861431.09,2370002860.4
"629",2021-08-07,205111.12,2370207971.52
"630",2021-08-08,57316.19,2370265287.71
"631",2021-08-09,198132.68,2370463420.39
"632",2021-08-10,1010541.47,2371473961.86
"633",2021-08-11,9035591.05,2380509552.91
"634",2021-08-12,747944.8,2381257497.71
"635",2021-08-13,6406,2381263903.71
"636",2021-08-14,174111,2381438014.71
"637",2021-08-15,41964.42,2381479979.13
"638",2021-08-16,242489,2381722468.13
"639",2021-08-17,1335740.58,2383058208.71
"640",2021-08-18,627173.67,2383685382.38
"641",2021-08-19,2825541.1,2386510923.48
"642",2021-08-20,151801.32,2386662724.8
"643",2021-08-21,34538.8,2386697263.6
"644",2021-08-22,38572.1,2386735835.7
"645",2021-08-23,91083,2386826918.7
"646",2021-08-24,857285.07,2387684203.77
"647",2021-08-25,4381633.96,2392065837.73
"648",2021-08-26,496215,2392562052.73
"649",2021-08-27,59033.8,2392621086.53
"650",2021-08-28,44871,2392665957.53
"651",2021-08-29,16143.29,2392682100.82
"652",2021-08-30,310954.58,2392993055.4
"653",2021-08-31,1630098.93,2394623154.33
"654",2021-09-01,912469.29,2395535623.62
"655",2021-09-02,193826.17,2395729449.79
"656",2021-09-03,276723.46,2396006173.25
"657",2021-09-04,14497.64,2396020670.89
"658",2021-09-05,45847.54,2396066518.43
"659",2021-09-06,547743.36,2396614261.79
"660",2021-09-07,1801424.09,2398415685.88
"661",2021-09-08,404610.21,2398820296.09
"662",2021-09-09,2344879.92,2401165176.01
"663",2021-09-10,103938.02,2401269114.03
"664",2021-09-11,950988.12,2402220102.15
"665",2021-09-12,86414.37,2402306516.52
"666",2021-09-13,668486.3,2402975002.82
"667",2021-09-14,20098894.22,2423073897.04
"668",2021-09-15,1280729.36,2424354626.4
"669",2021-09-16,2588831.87,2426943458.27
"670",2021-09-17,233356.58,2427176814.85
"671",2021-09-18,41961.32,2427218776.17
"672",2021-09-19,79350.42,2427298126.59
"673",2021-09-20,949682.44,2428247809.03
"674",2021-09-21,7082260.97,2435330070
"675",2021-09-22,512670.54,2435842740.54
"676",2021-09-23,697467.09,2436540207.63
"677",2021-09-24,488599.29,2437028806.92
"678",2021-09-25,6646,2437035452.92
"679",2021-09-26,8605058.43,2445640511.35
"680",2021-09-27,373229.42,2446013740.77
"681",2021-09-28,1044770.75,2447058511.52
"682",2021-09-29,213125.19,2447271636.71
"683",2021-09-30,252978.55,2447524615.26
"684",2021-10-01,571355.78,2448095971.04
"685",2021-10-02,28743.8,2448124714.84
"686",2021-10-03,3672.13,2448128386.97
"687",2021-10-04,310823.09,2448439210.06
"688",2021-10-05,1137328.93,2449576538.99
"689",2021-10-06,275209.41,2449851748.4
"690",2021-10-07,2912778.29,2452764526.69
"691",2021-10-08,243898.06,2453008424.75
"692",2021-10-09,29739.32,2453038164.07
"693",2021-10-10,8922.32,2453047086.39
"694",2021-10-11,4332270.32,2457379356.71
"695",2021-10-12,2722551.87,2460101908.58
"696",2021-10-13,971163.21,2461073071.79
"697",2021-10-14,105555.32,2461178627.11
"698",2021-10-15,149955.93,2461328583.04
"699",2021-10-16,5277.8,2461333860.84
"700",2021-10-18,248670.8,2461582531.64
"701",2021-10-19,3714443.9,2465296975.54
"702",2021-10-20,544682.32,2465841657.86
"703",2021-10-21,1023406.32,2466865064.18
"704",2021-10-22,122080.77,2466987144.95
"705",2021-10-23,28872.32,2467016017.27
"706",2021-10-24,32126.01,2467048143.28
"707",2021-10-25,528309.6,2467576452.88
"708",2021-10-26,6020712.44,2473597165.32
"709",2021-10-27,341494.74,2473938660.06
"710",2021-10-28,840373.73,2474779033.79
"711",2021-10-29,215688.64,2474994722.43
"712",2021-10-30,118837.72,2475113560.15
"713",2021-10-31,93345.6,2475206905.75
"714",2021-11-01,6671373.45,2481878279.2
"715",2021-11-02,3530095.58,2485408374.78
"716",2021-11-03,478642.3,2485887017.08
"717",2021-11-04,173664.77,2486060681.85
"718",2021-11-05,264470.98,2486325152.83
"719",2021-11-06,48342.58,2486373495.41
"720",2021-11-07,41333.61,2486414829.02
"721",2021-11-08,238426.35,2486653255.37
"722",2021-11-09,7536587.97,2494189843.34
"723",2021-11-10,380389.56,2494570232.9
"724",2021-11-11,745672.32,2495315905.22
"725",2021-11-12,191328.64,2495507233.86
"726",2021-11-13,10744,2495517977.86
"727",2021-11-14,24663,2495542640.86
"728",2021-11-15,946246.62,2496488887.48
"729",2021-11-16,12080384.37,2508569271.85
"730",2021-11-17,2044020.18,2510613292.03
"731",2021-11-18,118589.48,2510731881.51
"732",2021-11-19,77635.8,2510809517.31
"733",2021-11-20,6192.29,2510815709.6
"734",2021-11-21,8686.5,2510824396.1
"735",2021-11-22,281398.44,2511105794.54
"736",2021-11-23,559004.72,2511664799.26
"737",2021-11-24,3746307.54,2515411106.8
"738",2021-11-25,31727.16,2515442833.96
"739",2021-11-26,117203.61,2515560037.57
"740",2021-11-27,52151.32,2515612188.89
"741",2021-11-28,31219,2515643407.89
"742",2021-11-29,752823.47,2516396231.36
"743",2021-11-30,955353.25,2517351584.61
"744",2021-12-01,335663.1,2517687247.71
"745",2021-12-02,585201.8,2518272449.51
"746",2021-12-03,9668,2518282117.51
"747",2021-12-04,1020.8,2518283138.31
"748",2021-12-05,13730.29,2518296868.6
"749",2021-12-06,91842.24,2518388710.84
"750",2021-12-07,1330617.86,2519719328.7
"751",2021-12-08,536581.34,2520255910.04
"752",2021-12-09,128746,2520384656.04
"753",2021-12-10,18389.35,2520403045.39
"754",2021-12-11,2310,2520405355.39
"755",2021-12-12,12025,2520417380.39
"756",2021-12-13,89573.82,2520506954.21
"757",2021-12-14,7840675.6,2528347629.81
"758",2021-12-15,14057.8,2528361687.61
"759",2021-12-16,310512.79,2528672200.4
"760",2021-12-17,334066.96,2529006267.36
"761",2021-12-18,7828.6,2529014095.96
"762",2021-12-20,644262.21,2529658358.17
"763",2021-12-21,414915.53,2530073273.7
"764",2021-12-22,151598.77,2530224872.47
"765",2021-12-23,32824.23,2530257696.7
"766",2021-12-24,179419.12,2530437115.82
"767",2021-12-25,10731.8,2530447847.62
"768",2021-12-26,17763.29,2530465610.91
"769",2021-12-27,89832.32,2530555443.23
"770",2021-12-28,26025,2530581468.23
"771",2021-12-29,32154.71,2530613622.94
"772",2021-12-30,35097.2,2530648720.14
"773",2021-12-31,6584429.92,2537233150.06
"774",2022-01-01,42333.29,2537275483.35
"775",2022-01-02,1076408.58,2538351891.93
"776",2022-01-03,224757.87,2538576649.8
"777",2022-01-04,83663.58,2538660313.38
"778",2022-01-05,1621936.22,2540282249.6
"779",2022-01-06,89076.94,2540371326.54
"780",2022-01-07,50992.41,2540422318.95
"781",2022-01-08,59047.25,2540481366.2
"782",2022-01-09,1573,2540482939.2
"783",2022-01-10,124548.29,2540607487.49
"784",2022-01-11,11240335.24,2551847822.73
"785",2022-01-12,339546.5,2552187369.23
"786",2022-01-13,248463.22,2552435832.45
"787",2022-01-14,120083,2552555915.45
"788",2022-01-15,202054.16,2552757969.61
"789",2022-01-16,51579.14,2552809548.75
"790",2022-01-17,18780.9,2552828329.65
"791",2022-01-18,6236751.53,2559065081.18
"792",2022-01-19,240407,2559305488.18
"793",2022-01-20,1958141,2561263629.18
"794",2022-01-21,43592.8,2561307221.98
"795",2022-01-22,7305.5,2561314527.48
"796",2022-01-23,9266,2561323793.48
"797",2022-01-24,193731.92,2561517525.4
"798",2022-01-25,5582077.88,2567099603.28
"799",2022-01-26,470003.89,2567569607.17
"800",2022-01-27,223977.5,2567793584.67
"801",2022-01-28,685420.04,2568479004.71
"802",2022-01-29,61892.29,2568540897
"803",2022-01-30,11290.58,2568552187.58
"804",2022-01-31,146974.36,2568699161.94
"805",2022-02-01,2147418.58,2570846580.52
"806",2022-02-02,1008367.71,2571854948.23
"807",2022-02-03,2592892.76,2574447840.99
"808",2022-02-04,115420.34,2574563261.33
"809",2022-02-05,20138.58,2574583399.91
"810",2022-02-06,25553507,2600136906.91
"811",2022-02-07,3871356.58,2604008263.49
"812",2022-02-08,25379859.87,2629388123.36
"813",2022-02-09,235365.7,2629623489.06
"814",2022-02-10,1435,2629624924.06
"815",2022-02-11,44683.41,2629669607.47
"816",2022-02-12,603.29,2629670210.76
"817",2022-02-13,19362.32,2629689573.08
"818",2022-02-14,14011412.32,2643700985.4
"819",2022-02-15,2278326.5,2645979311.9
"820",2022-02-16,1930301.58,2647909613.48
"821",2022-02-17,3900265.22,2651809878.7
"822",2022-02-18,84346.32,2651894225.02
"823",2022-02-19,1631.29,2651895856.31
"824",2022-02-20,5803553,2657699409.31
"825",2022-02-21,4629153.38,2662328562.69
"826",2022-02-22,1069965.17,2663398527.86
"827",2022-02-23,135038.89,2663533566.75
"828",2022-02-24,496368.42,2664029935.17
"829",2022-02-25,4806589.95,2668836525.12
"830",2022-02-26,15703.88,2668852229
"831",2022-02-27,4082.58,2668856311.58
"832",2022-02-28,4889699.9,2673746011.48
"833",2022-03-01,34109502.97,2707855514.45
"834",2022-03-02,704250.09,2708559764.54
"835",2022-03-03,443320.26,2709003084.8
"836",2022-03-04,40774.18,2709043858.98
"837",2022-03-05,69287.99,2709113146.97
"838",2022-03-06,61203.61,2709174350.58
"839",2022-03-07,6908721,2716083071.58
"840",2022-03-08,5942835.97,2722025907.55
"841",2022-03-09,631544.13,2722657451.68
"842",2022-03-10,2071189.28,2724728640.96
"843",2022-03-11,398359.71,2725127000.67
"844",2022-03-12,31031.6,2725158032.27
"845",2022-03-13,19308.29,2725177340.56
"846",2022-03-14,1835859.24,2727013199.8
"847",2022-03-15,2422369.81,2729435569.61
"848",2022-03-16,569426.48,2730004996.09
"849",2022-03-17,86353.18,2730091349.27
"850",2022-03-18,1345667.58,2731437016.85
"851",2022-03-19,179677.58,2731616694.43
"852",2022-03-20,482026.54,2732098720.97
"853",2022-03-21,1292777.19,2733391498.16
"854",2022-03-22,7102713.95,2740494212.11
"855",2022-03-23,1388533.01,2741882745.12
"856",2022-03-24,123477.1,2742006222.22
"857",2022-03-25,231752.88,2742237975.1
"858",2022-03-26,53434.79,2742291409.89
"859",2022-03-27,25480.54,2742316890.43
"860",2022-03-28,193486.72,2742510377.15
"861",2022-03-29,3174946.56,2745685323.71
"862",2022-03-30,1461670.83,2747146994.54
"863",2022-03-31,59644048.88,2806791043.42
"864",2022-04-01,419677.4,2807210720.82
"865",2022-04-02,21154.09,2807231874.91
"866",2022-04-03,44673.61,2807276548.52
"867",2022-04-04,132902.53,2807409451.05
"868",2022-04-05,7019878,2814429329.05
"869",2022-04-06,10085286.23,2824514615.28
"870",2022-04-07,975991.9,2825490607.18
"871",2022-04-08,317884.85,2825808492.03
"872",2022-04-09,41098.77,2825849590.8
"873",2022-04-10,7711345.18,2833560935.98
"874",2022-04-11,5227716.16,2838788652.14
"875",2022-04-12,3778984.66,2842567636.8
"876",2022-04-13,2333709.8,2844901346.6
"877",2022-04-14,89601.01,2844990947.61
"878",2022-04-15,414739.08,2845405686.69
"879",2022-04-16,143031.66,2845548718.35
"880",2022-04-17,25017.67,2845573736.02
"881",2022-04-18,235587.07,2845809323.09
"882",2022-04-19,6729167.01,2852538490.1
"883",2022-04-20,3992910.9,2856531401
"884",2022-04-21,365981.3,2856897382.3
"885",2022-04-22,1136911.52,2858034293.82
"886",2022-04-23,519668.35,2858553962.17
"887",2022-04-24,1146228.75,2859700190.92
"888",2022-04-25,3036356.26,2862736547.18
"889",2022-04-26,5220550.43,2867957097.61
"890",2022-04-27,2273889.28,2870230986.89
"891",2022-04-28,9281404.19,2879512391.08
"892",2022-04-29,685041.59,2880197432.67
"893",2022-04-30,346559.07,2880543991.74
"894",2022-05-01,1032895.66,2881576887.4
"895",2022-05-02,1629279.06,2883206166.46
"896",2022-05-03,20194691.1,2903400857.56
"897",2022-05-04,2716160.25,2906117017.81
"898",2022-05-05,1301383.67,2907418401.48
"899",2022-05-06,1340006.08,2908758407.56
"900",2022-05-07,266330.24,2909024737.8
"901",2022-05-08,67267.9,2909092005.7
"902",2022-05-09,865599.09,2909957604.79
"903",2022-05-10,22880546.3,2932838151.09
"904",2022-05-11,7673560,2940511711.09
"905",2022-05-12,2403423.38,2942915134.47
"906",2022-05-13,824525.47,2943739659.94
"907",2022-05-14,4935102.72,2948674762.66
"908",2022-05-15,200503.75,2948875266.41
"909",2022-05-16,8636480.4,2957511746.81
"910",2022-05-17,11357315.6,2968869062.41
"911",2022-05-18,1747987.31,2970617049.72
"912",2022-05-19,22111340.94,2992728390.66
"913",2022-05-20,872875.91,2993601266.57
"914",2022-05-21,1602119.5,2995203386.07
"915",2022-05-22,138112.08,2995341498.15
"916",2022-05-23,519688.49,2995861186.64
"917",2022-05-24,10414388.14,3006275574.78
"918",2022-05-25,7473523.06,3013749097.84
"919",2022-05-26,863366.31,3014612464.15
"920",2022-05-27,558727.35,3015171191.5
"921",2022-05-28,56453.05,3015227644.55
"922",2022-05-29,15753.32,3015243397.87
"923",2022-05-30,1134908.3,3016378306.17
"924",2022-05-31,58057278.73,3074435584.9
"925",2022-06-01,4519567.75,3078955152.65
"926",2022-06-02,1710472.15,3080665624.8
"927",2022-06-03,2524675.99,3083190300.79
"928",2022-06-04,547585.6,3083737886.39
"929",2022-06-05,67972.29,3083805858.68
"930",2022-06-06,775982.32,3084581841
"931",2022-06-07,2614177.91,3087196018.91
"932",2022-06-08,293575.86,3087489594.77
"933",2022-06-09,9899.29,3087499494.06
"934",2022-06-14,302,3087499796.06
"935",2022-06-15,3702,3087503498.06
"936",2022-06-17,29975.69,3087533473.75
"937",2022-06-19,2,3087533475.75
"938",2022-06-22,95864.29,3087629340.04
"939",2022-06-23,4279.32,3087633619.36
"940",2022-06-24,8368,3087641987.36
"941",2022-06-28,1605561.2,3089247548.56
"942",2022-06-29,3810.42,3089251358.98
"943",2022-06-30,1581,3089252939.98
"944",2022-07-01,10242.2,3089263182.18
"945",2022-07-02,1713.8,3089264895.98
"946",2022-07-04,228.64,3089265124.62
"947",2022-07-05,1,3089265125.62
"948",2022-07-06,13106.05,3089278231.67
"949",2022-07-07,63645.69,3089341877.36
"950",2022-07-08,1053738.29,3090395615.65
"951",2022-07-09,39683,3090435298.65
"952",2022-07-10,9966.32,3090445264.97
"953",2022-07-11,80467.56,3090525732.53
"954",2022-07-12,726805.58,3091252538.11
"955",2022-07-13,645228,3091897766.11
"956",2022-07-14,5362.32,3091903128.43
"957",2022-07-15,2156,3091905284.43
"958",2022-07-16,1573,3091906857.43
"959",2022-07-17,101.29,3091906958.72
"960",2022-07-18,2568.58,3091909527.3
"961",2022-07-20,2945,3091912472.3
"962",2022-07-22,4323,3091916795.3
"963",2022-07-24,22211,3091939006.3
"964",2022-07-25,406128,3092345134.3
"965",2022-07-26,1697706.69,3094042840.99
"966",2022-07-27,188636,3094231476.99
"967",2022-07-28,1649155.6,3095880632.59
"968",2022-07-29,77113.29,3095957745.88
"969",2022-07-30,7268,3095965013.88
"970",2022-07-31,65196.42,3096030210.3
"971",2022-08-01,46180,3096076390.3
"972",2022-08-02,1635418.58,3097711808.88
"973",2022-08-03,1597035.19,3099308844.07
"974",2022-08-04,696474.61,3100005318.68
"975",2022-08-05,43423.29,3100048741.97
"976",2022-08-06,166.29,3100048908.26
"977",2022-08-07,2316.32,3100051224.58
"978",2022-08-08,109586.61,3100160811.19
"979",2022-08-09,822405,3100983216.19
"980",2022-08-10,26399.61,3101009615.8
"981",2022-08-11,12,3101009627.8
"982",2022-08-13,1,3101009628.8
"983",2022-08-15,17,3101009645.8
"984",2022-08-16,240244.6,3101249890.4
"985",2022-08-19,2,3101249892.4
"986",2022-08-20,3771.44,3101253663.84
"987",2022-08-21,36,3101253699.84
"988",2022-08-24,12737,3101266436.84
"989",2022-08-25,4060,3101270496.84
"990",2022-08-26,15060,3101285556.84
"991",2022-08-29,20,3101285576.84
"992",2022-08-30,7446.29,3101293023.13
"993",2022-08-31,1104236.8,3102397259.93
"994",2022-09-01,2064336,3104461595.93
"995",2022-09-02,167735.8,3104629331.73
"996",2022-09-03,12885,3104642216.73
"997",2022-09-04,2618.8,3104644835.53
"998",2022-09-05,770185.8,3105415021.33
"999",2022-09-06,398451.03,3105813472.36
"1000",2022-09-07,324842.12,3106138314.48
"1001",2022-09-08,138123.09,3106276437.57
"1002",2022-09-09,86399,3106362836.57
"1003",2022-09-10,132.61,3106362969.18
"1004",2022-09-11,2201266,3108564235.18
"1005",2022-09-12,151146.32,3108715381.5
"1006",2022-09-13,1150166.25,3109865547.75
"1007",2022-09-14,1662065,3111527612.75
"1008",2022-09-15,10667,3111538279.75
"1009",2022-09-16,24473,3111562752.75
"1010",2022-09-18,1,3111562753.75
"1011",2022-09-19,2829,3111565582.75
"1012",2022-09-20,4094431.4,3115660014.15
"1013",2022-09-21,1764787.29,3117424801.44
"1014",2022-09-22,185684,3117610485.44
"1015",2022-09-23,174834.29,3117785319.73
"1016",2022-09-24,436819.8,3118222139.53
"1017",2022-09-25,2391,3118224530.53
"1018",2022-09-26,8790,3118233320.53
"1019",2022-09-27,1085816.1,3119319136.63
"1020",2022-09-28,857951.98,3120177088.61
"1021",2022-09-29,436993.93,3120614082.54
"1022",2022-09-30,60568.12,3120674650.66
"1023",2022-10-01,71393.38,3120746044.04
"1024",2022-10-02,5364.98,3120751409.02
"1025",2022-10-03,67239,3120818648.02
"1026",2022-10-04,628222.29,3121446870.31
"1027",2022-10-05,248581.46,3121695451.77
"1028",2022-10-06,544730,3122240181.77
"1029",2022-10-07,58665.93,3122298847.7
"1030",2022-10-08,2009,3122300856.7
"1031",2022-10-09,1136,3122301992.7
"1032",2022-10-10,164324.32,3122466317.02
"1033",2022-10-11,623716.32,3123090033.34
"1034",2022-10-12,45268.41,3123135301.75
"1035",2022-10-13,0,3123135301.75
